기관(센터)명,주요 카테고리,하위 카테고리,메뉴,하위메뉴,비고
부산광역시육아종합지원센터,교육 및 행사,보육교직원 교육안내,,,
부산광역시육아종합지원센터,교육 및 행사,부모교육,공통부모교육,,
부산광역시육아종합지원센터,교육 및 행사,부모온라인교육,,,
부산광역시육아종합지원센터,교육 및 행사,부모-자녀참여프로그램,,,
부산광역시육아종합지원센터,교육 및 행사,가족문화행사,,,
강서구육아종합지원센터,어린이집지원,보육교직원 교육,교육안내,,
강서구육아종합지원센터,가정양육지원,부모교육,교육안내,,
강서구육아종합지원센터,가정양육지원,부모-자녀참여프로그램,이용안내,,
기장군육아종합지원센터,어린이집지원,보육프로그램,,,
기장군육아종합지원센터,어린이집지원,보육교직원교육,,,
기장군육아종합지원센터,가정양육지원,부모교육,연간교육계획,,
기장군육아종합지원센터,가정양육지원,부모-자녀참여프로그램,이용안내,,
동래구육아종합지원센터,어린이집지원사업,보육교직원교육,교육일정,,
동래구육아종합지원센터,가정양육지원,육아정보,문화행사정보,,1~3페이지(모두)
부산진구육아종합지원센터,어린이집지원,보육교직원교육,교육안내,어린이집지원 연간사업계획,
부산진구육아종합지원센터,가정양육지원,부모교육,부모교육 연간계획,,
부산진구육아종합지원센터,가정양육지원,부모-자녀참여프로그램,프로그램 이용안내,,
부산진구육아종합지원센터,가정양육지원,가족문화행사,이용안내,,
북구육아종합지원센터,어린이집지원,보육교직원 교육,교육안내,,
북구육아종합지원센터,가정양육지원,부모-자녀참여프로그램,,,
북구육아종합지원센터,가정양육지원,부모교육,,,
사상구육아종합지원센터,어린이집지원,보육교직원 교육,연간교육계획,,
사상구육아종합지원센터,어린이집지원,어린이집 견학,,,
사상구육아종합지원센터,가정양육지원,부모교육,,,
사상구육아종합지원센터,가정양육지원,부모-자녀참여프로그램,,,
수영구육아종합지원센터,어린이집지원,보육프로그램,,,
수영구육아종합지원센터,어린이집지원,보육교직원교육,연간교육계획안,,
수영구육아종합지원센터,가정양육지원,부모교육,연간교육계획,,
수영구육아종합지원센터,가정양육지원,부모-자녀참여프로그램,,,
연제구육아종합지원센터,어린이집지원,보육교직원 교육,연간교육계획안,,
연제구육아종합지원센터,가정양육지원,영유아프로그램,,,
연제구육아종합지원센터,가정양육지원,부모교육,연간교육계획안,,
해운대구육아종합지원센터,어린이집지원,연간사업계획안,,,
해운대구육아종합지원센터,어린이집지원,보육교직원교육,교육신청 ,,페이지(1-10) 
해운대구육아종합지원센터,어린이집지원,찾아가는 공통부모교육,프로그램 신청,,페이지 전체(1-7)→각 프로그램별(1-95번) 클릭
해운대구육아종합지원센터,가정양육지원,연간사업계획안,,,
해운대구육아종합지원센터,가정양육지원,부모교육,교육신청,,페이지 전체(1-5)
해운대구육아종합지원센터,가정양육지원,부모-자녀체험프로그램,교육신청,,페이지 전체(1-18)→각 프로그램별 클릭(1-268번)
경상남도육아종합지원센터,가정양육지원,부모교육,교육신청,,페이지 전체(1-12)→각 프로그램별(1-113)
경상남도육아종합지원센터,가정양육지원,영유아체험프로그램,프로그램안내,,
거제시육아종합지원센터,영유아 가정지원,부모교육,부모교육 신청안내,,
거제시육아종합지원센터,영유아 가정지원,영유아체험,영유아체험 신청안내,,
양산시육아종합지원센터,어린이집지원,보육교직원 교육,연간교육계획안,,
양산시육아종합지원센터,가정양육지원,부모교육,연간계획안,,
양산시육아종합지원센터,가정양육지원,영유아체험프로그램,연간계획안,,
경남진주시종합육아종합지원센터,센터안내,주요사업,,,
경남진주시종합육아종합지원센터,어린이집지원,보육교직원상담,사업안내,,
경남진주시종합육아종합지원센터,가정양육지원,가족주말참여프로그램,,,
경남진주시종합육아종합지원센터,가정양육지원,어린이 문화공연,,,
경남진주시종합육아종합지원센터,가정양육지원,놀이체험교실,,,
경남진주시종합육아종합지원센터,가정양육지원,부모교육,,,
창원시육아종합지원센터,어린이집지원,보육교직원교육,연간계획,,
창원시육아종합지원센터,가정양육지원,연간계획,,,
합천군육아종합지원센터,어린이집지원,보육교직원 교육 및 행사,,,
합천군육아종합지원센터,가정양육지원,참여 프로그램 및 행사,프로그램 및 행사,,
합천군육아종합지원센터,가정양육지원,부모교육,,,
울산광역시육아종합지원센터,어린이집지원,문화행사,문화행사안내,,
울산광역시육아종합지원센터,가정양육지원,부모교육,교육신청,,페이지 전체(1-24)→각 프로그램별(1-237)
남구육아종합지원센터,센터이용,부모-자녀 프로그램,2022년부모교육안내,,
남구육아종합지원센터,어린이집지원,보육교직원교육,2022년연간교육안내,,
남구육아종합지원센터,가정양육지원,공연 및 나들이,,,
동구육아종합지원센터,센터소개,연간사업,,,
북구육아종합지원센터,어린이집지원,보육교직원교육,,,
북구육아종합지원센터,가정양육지원,아이자람 프로그램,프로그램 안내,,
북구육아종합지원센터,가정양육지원,부모교육,연간 부모교육 안내,,
울주군육아종합지원센터,가정양육지원,놀이지원프로그램,프로그램 신청 안내,,
중구육아종합지원센터,이용안내 및 신청,센터문화행사,,,
중구육아종합지원센터,센터소개,연간사업,2022년 어린이집 지원사업 연간계획안,,
중구육아종합지원센터,센터소개,연간사업,2022년 가정양육 지원사업 연간계획안,,
대구광역시육아종합지원센터,영유아가정지원,부모교육 및 프로그램,가족프로그램,,
대구광역시육아종합지원센터,영유아가정지원,부모교육 및 프로그램,온라인 프로그램,,
동구육아종합지원센터,어린이집지원,보육과정,표준보육과정,영역별 내용,
동구육아종합지원센터,어린이집지원,보육과정,표준보육과정,영역별 교사지침,
동구육아종합지원센터,어린이집지원,보육교직원정보,보수교육안내,교육내용,
경상북도육아종합지원센터,어린이집지원,보육행정,보육사업안내,,
경상북도육아종합지원센터,가정양육지원,부모교육,교육신청,,페이지 전체(1-68)→각 프로그램별(1-672)
경상북도육아종합지원센터,가정양육지원,부모-자녀참여프로그램,교육신청,,페이지 전체(1-2)→각 프로그램별(1-33)
경상북도육아종합지원센터,가정양육지원,공통 부모교육,교육안내,,
김천시육아종합지원센터,가정양육지원,프로그램신청>부모교육,교육신청,,페이지 전체(1-7)→각 프로그램별(1-102)
김천시육아종합지원센터,가정양육지원,프로그램신청>부모-자녀체험활동,자녀체험 활동,,페이지 전체(1-3)→각 프로그램별(1-37)
김천시육아종합지원센터,가정양육지원,프로그램신청>부모-자녀체험활동,부모-자녀 체험 활동,,페이지 전체(1-9)→각 프로그램별(1-125)
문경시육아종합지원센터,교육 및 행사,부모,부모교육 사업,,
문경시육아종합지원센터,지역특화사업,숲영재반 프로그램사업,,,
상주시육아종합지원센터,어린이집지원,연간 교육안내,,,
상주시육아종합지원센터,가정양육지원,부모자녀프로그램,,,
안동시육아종합지원센터,교육/행사,보육교직원교육,보육교직원 의무교육,교육안내,
포항시육아종합지원센터,교육신청,부모 교육ㆍ행사,,,
광주광역시육아종합지원센터,어린이집지원,보육교직원 교육,보육교직원 의무교육,,
광주광역시육아종합지원센터,가정양육지원,부모교육,공통부모교육,,
광주광역시육아종합지원센터,가정양육지원,부모교육,키움뜰 부모교육,,
동구육아종합지원센터(블로그),가정양육지원,,,,
서구육아종합지원센터,어린이집지원,대체교사 지원사업,,,
전라남도육아종합지원센터,센터소개,센터사업안내,,,
전라남도육아종합지원센터,어린이집지원,보육교직원교육,보육교직원의무교육,,
전라남도육아종합지원센터,영유아가정지원,부모교육,교육신청,,
광양시육아종합지원센터,어린이집지원,오감발달 프로그램,,,
광양시육아종합지원센터,교육 및 행사,교직원교육,,,
광양시육아종합지원센터,교육 및 행사,공통부모교육,,,
순천시육아종합지원센터,예약 및 교육신청,가정양육(개인),프로그램신청,,페이지 전체(1-13)→각 프로그램별
순천시육아종합지원센터,예약 및 교육신청,가정양육(개인),부모교육신청,,페이지 전체(1-5)→각 프로그램별
여수시육아종합지원센터,어린이집지원,보육교직원 교육,,,
여수시육아종합지원센터,가정양육지원,부모교육 및 행사,,,
여수시육아종합지원센터,커뮤니티,센터소식,2022년 시간제보육 오감활동 연간계확안,,
전라북도육아종합지원센터,가정양육지원,부모교육,온라인부모교육,,
전라북도육아종합지원센터,가정양육지원,부모교육,클로버 부모교육,,
전라북도육아종합지원센터,가정양육지원,육아공동체소모임,,,
전라북도육아종합지원센터,가정양육지원,가족문화행사,,,
전라북도육아종합지원센터,교육/행사 신청,보육교직원교육,교육신청,,페이지(1-64)
전라북도육아종합지원센터,교육/행사 신청,부모 및 자녀교육,교육안내,,
전라북도육아종합지원센터,교육/행사 신청,부모 및 자녀교육,교육신청,,페이지 전체(1-31)→각 프로그램별(1-303)
고창군육아종합지원센터,어린이집지원,교육프로그램,센터교육,,
고창군육아종합지원센터,가정양육지원,부모교육,교육신청,,페이지 전체(1-25)→각 프로그램별(1-242)
고창군육아종합지원센터,가정양육지원,부모교육,온라인교육안내,,
고창군육아종합지원센터,교육신청 및 행사,연간 교육 및 행사,,,
고창군육아종합지원센터,영유아 플라자,오물락조물락 요리교실,,,
고창군육아종합지원센터,영유아 플라자,아이뜰 체험 놀이터,,,
고창군육아종합지원센터,영유아 플라자,아이공방 만들기,,,
군산시육아종합지원센터,보육지원,보육교직원교육,,,
군산시육아종합지원센터,육아지원,부모교육 및 체험활동,부모-자녀 관계 증진 프로그램,,
군산시육아종합지원센터,커뮤니티,교육행사,,,
군산시육아종합지원센터,정보자료실,문화행사 및 나들이,2022년 얼쑤전북 1월호,,
익산시육아종합지원센터,가정양육지원,자람뜰 놀이프로그램,,,
익산시육아종합지원센터,교육 및 행사,교직원교육,교육신청하기,,페이지(1)
전주시육아종합지원센터,어린이집지원,교육 및 행사,교사교육 및 행사,,
전주시육아종합지원센터,어린이집지원,교육 및 행사,보육교직원 의무교육,,
전주시육아종합지원센터,가정양육지원,부모교육,오프라인 부모교육,,
전주시육아종합지원센터,가정양육지원,부모교육,온라인 공통부모교육,,
전주시육아종합지원센터,커뮤니티,센터교육 및 행사,,,
대전광역시육아종합지원센터,가정양육지원,공통부모교육,,,
대전광역시육아종합지원센터,교육/행사 신청,부모교육,교육신청,,페이지(1-12)
충청남도육아종합지원센터,센터소개,연간사업소개,,,
충청남도육아종합지원센터,어린이집지원,보육교직원교육,교육신청,,페이지(1-149)
충청남도육아종합지원센터,영유아가정지원,부모교육,대면,,
충청남도육아종합지원센터,영유아가정지원,부모교육,비대면,,
충청남도육아종합지원센터,영유아가정지원,부모교육 신청,교육신청,,페이지(1-67)
아산시육아종합지원센터,센터소개,조직도 및 주요사업,,,
아산시육아종합지원센터,어린이집지원,보육교직원 의무·필수교육,,,
아산시육아종합지원센터,어린이집지원,연간보육교직원 교육안내,,,
아산시육아종합지원센터,가정양육지원,교육 및 행사,(공통)부모교육 안내,,
아산시육아종합지원센터,가정양육지원,교육 및 행사,부모교육 연간,,
천안시육아종합지원센터,센터소개,연간사업소개,,,
천안시육아종합지원센터,가정양육지원,부모교육,,,
천안시육아종합지원센터,가정양육지원,부모-자녀 참여 프로그램,,,
천안시육아종합지원센터,교육 및 행사,부모교육/부모-자녀 참여 프로그램,교육신청,,페이지 전체(1)→각 프로그램별(1)
천안시육아종합지원센터,교육 및 행사,보육교직원 교육,교육프로그램 신청,,
충청북도육아종합지원센터,어린이집지원,센터교육,교육신청,,페이지(1-15)
충청북도육아종합지원센터,가정양육지원,놀이체험실이용안내,부모교육,공통부모교육(부모대상),
충청북도육아종합지원센터,가정양육지원,놀이체험실이용안내,부모교육,공통부모교육(부모·자녀체험활동),
제천시육아종합지원센터,어린이집지원,보육교직원 교육,,,
제천시육아종합지원센터,가정양육지원,부모교육신청,,,
제천시육아종합지원센터,가정양육지원,부모-자녀프로그램신청,,,
진천군육아종합지원센터,어린이집지원,보육교직원 교육신청,보육교직원 교육,2021년 보육교직원 교육 연간 계획(안),
진천군육아종합지원센터,어린이집지원,보육교직원 교육신청,보육교직원 교육,보육교직원 필수 및 의무교육,
진천군육아종합지원센터,가정양육지원,부모교육 신청,부모교육,,
청주시육아종합지원센터,센터안내,사업내용,,,
청주시육아종합지원센터,어린이집지원,보육교직원교육,집합교육프로그램 신청,,페이지(1-41)
청주시육아종합지원센터,어린이집지원,보육교직원교육,온라인교육프로그램 신청,,페이지(1-3)
청주시육아종합지원센터,가정양육지원,놀이프로그램,,,
청주시육아종합지원센터,가정양육지원,부모교육,집합교육프로그램 신청,,페이지(1-32)
청주시육아종합지원센터,가정양육지원,부모교육,온라인교육프로그램 신청,,페이지(1)
청주시육아종합지원센터,가정양육지원,가족지원프로그램,,,
충주시육아종합지원센터,가정양육지원,공통부모교육,공통부모교육 과정소개,,
세종특별자치시육아종합지원센터,센터소개,연간사업소개,,,
세종특별자치시육아종합지원센터,어린이집지원,보육교직원교육,교육신청,,페이지(1-59)
세종특별자치시육아종합지원센터,영유아가정지원,부모교육,교육신청,,페이지(1-56)
강원도육아종합지원센터,센터소개,사업소개,연간사업소개,,
강원도육아종합지원센터,어린이집지원,보육교직원교육,교육신청,,페이지(1-2)
강원도육아종합지원센터,가정양육지원,부모교육,공통부모교육 안내,,
강원도육아종합지원센터,가정양육지원,부모교육,부모교육안내,,
강릉시육아종합지원센터,어린이집지원,보육교직원 교육,,,
강릉시육아종합지원센터,어린이집지원,취약보육 프로그램,다문화 프로그램,,페이지(1-8)
강릉시육아종합지원센터,가정양육지원,영유아 프로그램,,,페이지 전체(1)→각 프로그램별(1-9)
강릉시육아종합지원센터,가정양육지원,가족지원 프로그램,,,페이지 전체(1-2)→각 프로그램별(1-15)
원주시육아종합지원센터,센터소개,미션 및 주요사업,,,
원주시육아종합지원센터,어린이집지원,보육교직원 교육,교육안내,의무교육,
원주시육아종합지원센터,어린이집지원,보육교직원 교육,교육안내,안전교육,
원주시육아종합지원센터,어린이집지원,보육교직원 교육,교육안내,위생교육,
원주시육아종합지원센터,가정양육지원,부모교육 및 프로그램,부모교육-공통부모교육,,
원주시육아종합지원센터,가정양육지원,부모교육 및 프로그램,부모-자녀 참여프로그램,,
춘천시육아종합지원센터,어린이집지원,보육교직원교육,연간계획,,
춘천시육아종합지원센터,어린이집지원,보육교직원교육,의무교육현황,,
춘천시육아종합지원센터,가정양육지원,공통 부모교육,부모교육 과정 소개,,
춘천시육아종합지원센터,가정양육지원,공통 부모교육,온라인 부모교육,,
춘천시육아종합지원센터,가정양육지원,자체 부모교육,부모교육 과정 소개,,
춘천시육아종합지원센터,가정양육지원,부모-자녀프로그램,이용안내,,
춘천시육아종합지원센터,가정양육지원,가족문화행사,,,
인천광역시육아종합지원센터,센터소개,센터 사업소개,어린이집지원사업,,페이지(1-2)
인천광역시육아종합지원센터,센터소개,센터 사업소개,가정양육지원사업,,페이지 전체(1-2)→각 프로그램별(1-16)
인천광역시육아종합지원센터,어린이집지원,보육교직원 교육,교육신청하기,,페이지(1-180)
계양구육아종합지원센터,센터소개,주요사업,,,
계양구육아종합지원센터,커뮤니티,교육 및 행사 > 일정 및 신청,전체일정 > 부모,,페이지 전체(1-38)→각 프로그램별(1-560)
계양구육아종합지원센터,커뮤니티,교육 및 행사 > 일정 및 신청,전체일정 > 보육교직원,,페이지(1-30)
남동구육아종합지원센터,어린이집지원,보육교직원 교육,보육교직원 교육사업,,
남동구육아종합지원센터,가정양육지원,부모교육,공통 부모교육,,
남동구육아종합지원센터,가정양육지원,부모교육,인천형 부모교육,,
미추홀구육아종합지원센터,센터소개,센터안내,비전 및 주요사업,,
부평구육아종합지원센터,어린이집지원,교육 및 행사,보육교직원 교육 및 행사,,페이지[회원가입]
서구육아종합지원센터,센서안내,센터소개,사업소개,,
서구육아종합지원센터,어린이집지원,교육행사,보육교직원 교육행사,,페이지[회원가입]
서구육아종합지원센터,어린이집지원,교육행사,영유아 교육행사,,페이지[회원가입]
서구육아종합지원센터,가정양육지원,부모행복업 프로젝트,,,
서구육아종합지원센터,가정양육지원,교육행사,부모교육,,페이지[회원가입]
서구육아종합지원센터,가정양육지원,교육행사,부모-자녀체험프로그램,,페이지[회원가입]
연수구육아종합지원센터,어린이집지원,센터소개,주요사업소개,,
연수구육아종합지원센터,어린이집지원,교육ㆍ행사,연간센터 교육일정,,
연수구육아종합지원센터,가정양육지원,프로그램누리기,부모교육,공통 부모교육,
연수구육아종합지원센터,가정양육지원,프로그램누리기,부모교육,지헤로운 부모교실,
연수구육아종합지원센터,가정양육지원,프로그램누리기,부모교육,가정육아활성화,
연수구육아종합지원센터,가정양육지원,프로그램누리기,문화ㆍ체험 활동,문화ㆍ체험이란,
연수구육아종합지원센터,가정양육지원,프로그램누리기,문화ㆍ체험 활동,,공감놀이터_페이지[회원가입]
연수구육아종합지원센터,가정양육지원,프로그램누리기,양육네트워크지원,양육네트워크지원,
연수구육아종합지원센터,가정양육지원,프로그램누리기,양육네트워크지원,신나게 놀 줄 아는 부모,
연수구육아종합지원센터,가정양육지원,프로그램누리기,양육네트워크지원,함께하는 놀이공동체 공간,
연수구육아종합지원센터,가정양육지원,프로그램누리기,양육네트워크지원,"요즘육아, 구해줘 Mom’s",
경기도육아종합지원센터,센터소개,주요사업안내,,,
경기도육아종합지원센터,센터소개,사업별연간계획,,,
경기도육아종합지원센터,어린이집지원,보육교직원교육,교육안내,,
경기도육아종합지원센터,가정양육지원,영유아프로그램,자녀와의 놀이 자료,,
군포시육아종합지원센터,센터안내,센터소개,미션 및 주요사업,,
군포시육아종합지원센터,어린이집지원,보육교직원교육,교육안내,,
군포시육아종합지원센터,가정양육지원,부모교육,부모교육이란,,
군포시육아종합지원센터,가정양육지원,가족참여프로그램,프로그램안내,,
군포시육아종합지원센터,가정양육지원,놀이코칭프로그램,놀이코칭안내,,
부천시육아종합지원센터,센터소개,주요사업내용,,,
부천시육아종합지원센터,어린이집지원,보육교직원교육,사업안내,,
부천시육아종합지원센터,가정양육지원,가정양육지원,사업안내,,
성남시육아종합지원센터,센터안내,주요사업,,,
성남시육아종합지원센터,가정양육지원,가족참여행사,꿀잼 어린이극장,,
성남시육아종합지원센터,가정양육지원,부모교육,공통부모교육,,
수원시육아종합지원센터,센터소개,미션 및 비전과 주요사업,,,
수원시육아종합지원센터,어린이집지원,보육프로그램,,,
수원시육아종합지원센터,어린이집지원,보육교직원 교육 및 행사,,,
수원시육아종합지원센터,가정양육지원,부모교육 및 행사,부모교육 및 행사 안내,,
시흥시육아종합지원센터,센터소개,주요사업내용,,,
시흥시육아종합지원센터,교육행사,안내,,,
시흥시육아종합지원센터,가정양육지원,아이맘카페(월곶점),월곶 프로그램신청,,페이지 전체(1)→각 프로그램별(1-7)
안산시육아종합지원센터,센터소개,사업소개,,,
안산시육아종합지원센터,어린이집지원,교육 및 행사,교육 신청 안내,,
안산시육아종합지원센터,가정양육지원,부모교육,,,
안산시육아종합지원센터,가정양육지원,초지 아이사랑놀이터(1호점),부모자녀체험프로그램,,
안산시육아종합지원센터,가정양육지원,본오 아이사랑놀이터(2호점),부모자녀체험프로그램,,
안양시육아종합지원센터,센터안내,센터소개,주요사업,,
안양시육아종합지원센터,어린이집지원,보육교직원 지원,보수승급교육,,
안양시육아종합지원센터,육아지원,놀이지도 프로그램,놀이지도 프로그램 소개,,
의왕시육아종합지원센터,센터소개,미션 및 주요사업,,,
의왕시육아종합지원센터,어린이집지원,표준보육과정프로그램,,,
의왕시육아종합지원센터,보육특화사업,사업소개,,,
의왕시육아종합지원센터,보육특화사업,센터 진행사업,유아 숲 체험,,
이천시육아종합지원센터,센터소개,주요사업,,,
이천시육아종합지원센터,센터소개,사업소개,,,
이천시육아종합지원센터,어린이집지원,보육교직원 교육,연간 교사교육 일정,,
이천시육아종합지원센터,가정양육지원,가정양육지원 사업안내,연간 교육 일정,,
이천시육아종합지원센터,가정양육지원,가정양육지원 사업안내,부모교육,,
이천시육아종합지원센터,가정양육지원,가정양육지원 사업안내,놀이프로그램,,
평택시육아종합지원센터,센터안내,비전 및 주요사업,,,
평택시육아종합지원센터,어린이집지원,보육교직원 교육,보수교육,,
평택시육아종합지원센터,가정양육지원,부모교육,공통부모교육,,
평택시육아종합지원센터,가정양육지원,행사 및 특색사업,,,
화성시육아종합지원센터,어린이집지원,보수교육,보수교육이란?,,
화성시육아종합지원센터,어린이집지원,보수교육,보수교육별 내용,,
화성시육아종합지원센터,어린이집지원,영유아체험프로그램,숲밧줄놀이,,
광명시육아종합지원센터,센터소개,비전 및 주요사업,,,
광명시육아종합지원센터,가정양육지원,부모교육,부모교육 프로그램 신청,,
과천시육아종합지원센터,센터소개,비전 및 주요사업,,,
과천시육아종합지원센터,어린이집지원,생태활동 지원사업,,,
과천시육아종합지원센터,가정양육지원,부모-자녀체험프로그램,프로그램이용안내,,
용인시육아종합지원센터,센터소개,운영조직 및 주요사업내용,주요사업내용,,
용인시육아종합지원센터,가정양육지원,교육 및 행사 일정,2022년 가정양육지원 연간사업 추진 계획,,
용인시육아종합지원센터,가정양육지원,부모교육신청,,,페이지 전체(1)→각 프로그램별(1-5)
용인시육아종합지원센터,가정양육지원,부모자녀프로그램 및 행사신청,,,페이지 전체(1)→각 프로그램별(1-10)
용인시육아종합지원센터,가정양육지원,문화공연신청,,,페이지 전체(1)→각 프로그램별(1-2)
김포시육아종합지원센터,센터소개,주요사업,,,
김포시육아종합지원센터,어린이집지원,보육교직원 교육,보육교직원 보수교육,보수교육 종류,
김포시육아종합지원센터,가정양육지원,부모교육,부모교육 안내,부모교육,
김포시육아종합지원센터,가정양육지원,부모교육,부모교육 안내,공통부모교육,
오산시육아종합지원센터,센터소개,센터 안내,센터 미션 및 비전,,
오산시육아종합지원센터,어린이집지원,어린이집 운영,표준보육과정,영역별내용,
오산시육아종합지원센터,어린이집지원,어린이집 운영,누리과정,영역별내용,
오산시육아종합지원센터,어린이집지원,어린이집 운영,보육교직원,보수교육,
오산시육아종합지원센터,가정양육지원,부모교육,센터부모교육,,
오산시육아종합지원센터,가정양육지원,부모교육,세살마을 부모교육,,
오산시육아종합지원센터,가정양육지원,부모교육,공통 부모교육,,
수원시동부육아종합지원센터,센터소개,미션 및 주요사업안내,,,
수원시동부육아종합지원센터,어린이집지원,교직원 교육 및 행사,,,페이지(1-68)
수원시동부육아종합지원센터,가정양육지원,부모교육 및 체험활동,부모교육,,
수원시동부육아종합지원센터,가정양육지원,부모교육 및 체험활동,클로버 부모자녀 체험활동,,
수원시동부육아종합지원센터,가정양육지원,문화공연 및 행사,,,
광주시육아종합지원센터,센터소개,센터안내,비전 및 주요사업,,
광주시육아종합지원센터,가정양육지원,공통부모교육,,,
하남시육아종합지원센터,센터소개,센터안내,비전 및 주요사업,,
하남시육아종합지원센터,어린이집지원,보육교직원 교육 및 행사,,,
하남시육아종합지원센터,가정양육지원,알로마더 부모교육,,,
하남시육아종합지원센터,가정양육지원,공통부모교육,공통부모교육 소개,,
하남시육아종합지원센터,가정양육지원,부모자녀/놀이지도 프로그램,프로그램소개,,
여주시육아종합지원센터,어린이집지원,보육교직원 교육,연간 교사교육일정,,
여주시육아종합지원센터,어린이집지원,보육교직원 교육,보수교육,,
여주시육아종합지원센터,어린이집지원,보육교직원 교육,의무교육,,
안성시육아종합지원센터,가정양육지원,부모교육,공통부모교육,,
안성시육아종합지원센터,가정양육지원,부모교육,안성맞춤부모교육,,
안성시육아종합지원센터,가정양육지원,놀이지도사업,놀이 프로그램,,
안성시육아종합지원센터,교육 및 이용신청,보육교직원 교육 및 행사,,,페이지(1-2)
안성시육아종합지원센터,교육 및 이용신청,부모교육 및 행사,,,페이지(1)
안성시육아종합지원센터,교육 및 이용신청,부모자녀체험프로그램,,,페이지 전체(1)→각 프로그램별(1-11)
양평군육아종합지원센터,어린이집지원,보육교직원 교육,보육교직원 의무ㆍ필수교육,,
양평군육아종합지원센터,가정양육지원,부모-자녀 프로그램 신청,양서본점,,
양평군육아종합지원센터,가정양육지원,부모-자녀 프로그램 신청,양평점,,
경기도북부육아종합지원센터,센터소개,사업별연간계획,,,
경기도북부육아종합지원센터,어린이집지원,보육교직원교육,교육신청,,페이지(1)
경기도북부육아종합지원센터,가정양육지원,공통부모교육,,,
경기도북부육아종합지원센터,인성지원,영유아인성교육,영유아인성교육,,
경기도북부육아종합지원센터,인성지원,보육교직원인성교육,보육교직원인성교육,,
경기도북부육아종합지원센터,인성지원,부모인성교육,,,
가평군육아종합지원센터,어린이집지원,보육교직원 교육,역량강화교육,,
가평군육아종합지원센터,어린이집지원,보육교직원 교육,취약보육교육,,
가평군육아종합지원센터,가정양육지원,행복한가족지원 프로그램,프로그램 이용안내,,
가평군육아종합지원센터,가정양육지원,행복한가족지원 프로그램,프로그램 일정 및 신청,,페이지 전체(1)→각 프로그램별(1-4)
고양시육아종합지원센터,센터소개,사업안내,,,
고양시육아종합지원센터,어린이집지원,교육ㆍ행사,보육교직원 교육신청,,페이지(1)
고양시육아종합지원센터,가정양육지원,교육ㆍ행사,부모교육 신청,,페이지(1)
고양시육아종합지원센터,가정양육지원,교육ㆍ행사,부모-자녀체험프로그램,,페이지 전체(1)→각 프로그램별(1-39)
구리시육아종합지원센터,어린이집지원,보육교직원 교육 및 행사,교육신청,,페이지(1)
구리시육아종합지원센터,가정양육지원,인창점,교육 및 행사 신청,,페이지(1)
구리시육아종합지원센터,가정양육지원,갈매점,교육 및 행사 신청,,페이지(1)
남양주시육아종합지원센터,어린이집지원,교육 및 행사신청,연간교육안내,,
남양주시육아종합지원센터,가정양육지원,가정양육지원사업,공통부모교육,,
양주시육아종합지원센터,센터소개,센터사업,주요사업,,
양주시육아종합지원센터,센터소개,센터사업,사업소개,,
양주시육아종합지원센터,어린이집지원,보육교직원 교육,문화공연 신청,,페이지 전체(1)→각 프로그램별(1-16)
의정부시육아종합지원센터,센터소개,비전 및 주요사업,,,
의정부시육아종합지원센터,어린이집,어린이집지원,교육 및 신청안내,(센터)연간 교육안내,
의정부시육아종합지원센터,가정양육,의정부점 아이사랑놀이터,프로그램 > 프로그램신청,,페이지 전체(1-11)→각 프로그램별(1-107)
의정부시육아종합지원센터,가정양육,민락점 아이사랑놀이터,프로그램 > 프로그램신청,,페이지 전체(1-7)→각 프로그램별(1-105)
파주시육아종합지원센터,센터안내,연간게획,사업게획,,
파주시육아종합지원센터,어린이집지원,보육교직원,보육교직원 보수교육,,
파주시육아종합지원센터,가정양육지원,부모교육,파주부모교육,,
파주시육아종합지원센터,가정양육지원,부모교육,공통부모교육,,
파주시육아종합지원센터,가정양육지원,참여프로그램,참여프로그램 안내,,
포천시육아종합지원센터,센터안내,주요사업,,,
포천시육아종합지원센터,어린이집지원,보육교직원,보육교직원 보수교육,,
포천시육아종합지원센터,가정양육지원,부모교육,부모교육 일정,,
포천시육아종합지원센터,가정양육지원,참여프로그램,포천아이사랑놀이터 프로그램,,
서울특별시육아종합지원센터,센터소개,서울센터 소개,사업소개,,
서울특별시육아종합지원센터,보육지원,보육교직원 교육,보육교직원 보수교육,,
서울특별시육아종합지원센터,보육지원,보육교직원 교육,의무교육,,
서울특별시육아종합지원센터,보육지원,보육교직원 교육,근로자법정의무교육,,
서울특별시육아종합지원센터,양육지원,우리동네 보육반장,우리동네 보육반장 사업안내,,
서울특별시육아종합지원센터,양육지원,부모교육,공통부모교육,,
강남구육아종합지원센터,육아종합지원센터,센터소개,사업소개,,
강동구육아종합지원센터,회관소개,주요사업,,,
강동구육아종합지원센터,놀이체험,피노키오 극장체험,극장체험 소개,,
강동구육아종합지원센터,놀이체험,하늘정원,생태체험 소개,,
강동구육아종합지원센터,놀이체험,아이누리공연,아이누리공연 소개,,
강동구육아종합지원센터,놀이체험,시네마 휴,시네마휴 소개,,
강동구육아종합지원센터,어린이집지원,보육교직원교육,,,
강동구육아종합지원센터,가정양육지원,부모교육,공통부모교육,,
강동구육아종합지원센터,가정양육지원,부모교육,자체부모교육,,
강동구육아종합지원센터,가정양육지원,부모영유아놀이,부모자녀체험놀이,,
강동구육아종합지원센터,가정양육지원,부모영유아놀이,가족놀이,,
강동구육아종합지원센터,가정양육지원,부모영유아놀이,아빠놀이,,
강서구육아종합지원센터,교육 및 행사,센터교육,보육교직원교육,,
강서구육아종합지원센터,교육 및 행사,센터교육,부모교육,,
관악구육아종합지원센터,교육 및 행사,교육 및 행사정보,,,페이지(1-48)→각 프로그램별(1-477)
관악구육아종합지원센터,가정양육지원,공통부모교육,,,
광진구육아종합지원센터,센터소개,조직 및 사업안내,,,
광진구육아종합지원센터,어린이집지원,보육교직원 교육,보육교직원 교육사업,,
광진구육아종합지원센터,어린이집지원,보육교직원 교육,보육교직원 필수교육,,
광진구육아종합지원센터,가정양육지원,공통 부모교육,,,
금천구육아종합지원센터,센서소개,센터사업소개,센터사업일정,,
금천구육아종합지원센터,가정양육지원,공통 부모교육,,,
금천구육아종합지원센터,교육 및 행사,교육 및 행사안내,,,페이지(1)→각 프로그램별
노원구육아종합지원센터,센터소개,주요사업,,,
노원구육아종합지원센터,보육지원,어린이집 보육교직원,보수교육,,
노원구육아종합지원센터,양육지원,공통부모교육,,,
도봉구육아종합지원센터,어린이집지원,육아종합지원센터소개,센터소개,,
도봉구육아종합지원센터,가정양육지원,육아종합지원센터소개,센터소개,,
도봉구육아종합지원센터,가정양육지원,커뮤니티,프로그램안내,,페이지(1-20)→각 프로그램별(1-291)
도봉구육아종합지원센터,가정양육지원,커뮤니티,부모교육,,페이지(1-26)
동대문구육아종합지원센터,양육지원,전국공통부모교육,,,
동작구육아종합지원센터,양육지원,전국공통부모교육,,,
동작구육아종합지원센터,영유아부모지원,부모교육,동작 부모다움 부모교육,,
동작구육아종합지원센터,영유아부모지원,부모교육,공통부모교육,,
동작구육아종합지원센터,영유아부모지원,육아지원프로그램,,,
마포구육아종합지원센터,센터소개,사업소개,,,
마포구육아종합지원센터,어린이집지원,어린이집 보육교직원,보육교직원 보수교육,,
마포구육아종합지원센터,가정양육지원,부모교육,,,
성동구육아종합지원센터,센터소개,설립목적 및 주요사업,,,
성동구육아종합지원센터,어린이집지원,"보육교직원 교육, 프로그램",,,
성동구육아종합지원센터,가정양육지원,부모교육,,,
성북구육아종합지원센터,센터안내,센터비전,,,
성북구육아종합지원센터,가정양육지원,부모교육,공통부모교육,,
종로구육아종합지원센터,센터안내,센터소개,사업내용,,
종로구육아종합지원센터,가정양육지원,영유아지원프로그램,영유아프로그램,,
종로구육아종합지원센터,가정양육지원,영유아지원프로그램,부모자녀프로그램,,
종로구육아종합지원센터,가정양육지원,영유아지원프로그램,행사,,
종로구육아종합지원센터,가정양육지원,부모교육,공통부모교육,,
종로구육아종합지원센터,가정양육지원,부모교육,자체부모교육,,
구로구육아종합지원센터,센터안내,센터소개,사업구성,,
구로구육아종합지원센터,어린이집지원정보,보육교직원 지원,보육교직원 보수교육,,
구로구육아종합지원센터,어린이집지원정보,보육교직원 지원,보육과정,,
구로구육아종합지원센터,육아지원정보,부모ㆍ영유아 체험,프로그램 안내,,
구로구육아종합지원센터,육아지원정보,부모교육,프로그램 안내,,
송파구육아종합지원센터,센터소개,센터사업,,,
송파구육아종합지원센터,어린이집지원,보육교직원 교육,이용 및 환불안내,,
송파구육아종합지원센터,가정양육지원,부모교육,부모교육 소개,,
은평구육아종합지원센터,센터소개,주요사업,주요사업소개,,
은평구육아종합지원센터,어린이집지원,보육교직원 교육,,,
은평구육아종합지원센터,가정양육지원,양육지원 프로그램,공통부모교육,,
은평구육아종합지원센터,가정양육지원,양육지원 프로그램,자체부모교육,,
은평구육아종합지원센터,가정양육지원,양육지원 프로그램,부모자녀체험프로그램,,
영등포구육아종합지원센터,센터안내,주요사업,,,
영등포구육아종합지원센터,어린이집지원,어린이집 운영,보육교직원 교육,,
영등포구육아종합지원센터,가정양육지원,공통부모교육,,,
중랑구육아종합지원센터,센터안내,이용안내 및 주요사업,,,
중랑구육아종합지원센터,어린이집지원,어린이집 보육 교직원,보수교육,,
중랑구육아종합지원센터,가정양육지원,부모-자녀 관계 증진프로그램,,,
서대문구육아종합지원센터,센터안내,센터소개,사업소개,,
서대문구육아종합지원센터,교육 및 행사,부모 대상,,,
서대문구육아종합지원센터,교육 및 행사,보육교직원 대상,,,
양천구육아종합지원센터,센터소개,사업안내,,,
양천구육아종합지원센터,어린이집지원,보육교직원 정보안내,보수교육,,
강북구육아종합지원센터,센터안내,사업소개 및 조직도,,,
강북구육아종합지원센터,가정양육지원,영유아 프로그램,,,
강북구육아종합지원센터,교육 및 행사,부모교육,,,페이지(1-27)
용산구육아종합지원센터,센터안내,사업소개 및 조직구성,,,
용산구육아종합지원센터,어린이집지원,보육교직원 교육,,,
용산구육아종합지원센터,가정양육지원,부모교육,,,
용산구육아종합지원센터,가정양육지원,육아지원프로그램,,,
중구육아종합지원센터,센터안내,미션 및 주요사업,주요사업,,
중구육아종합지원센터,어린이집지원,보육교직원,보육교직원 보수교육,,
제주특별자치도육아종합지원센터,어린이집지원,보육교직원교육,보육교직원 의무교육,,
제주특별자치도육아종합지원센터,영유아가정지원,부모교육,,,페이지(1-21)
제주특별자치도육아종합지원센터,영유아가정지원,공통 부모교육,클로버부모교육,,페이지(1-12)
제주특별자치도육아종합지원센터,영유아가정지원,영유아체험프로그램,,,페이지(1-4)→각 프로그램별(1-34)
서귀포시육아종합지원센터,센터소개,사업소개,,,
서귀포시육아종합지원센터,어린이집지원,보육교직원교육,,,
서귀포시육아종합지원센터,교육 및 행사,체험프로그램,,,
중앙육아종합지원센터,센터소개,주요사업,,,
중앙육아종합지원센터,가정양육지원,공통 부모교육,부모교육 과정 소개,,
중앙육아종합지원센터,가정양육지원,공통 부모교육,대면(화상) 부모교육,,
중앙육아종합지원센터,가정양육지원,공통 부모교육,비대면 부모교육,,
중앙육아종합지원센터,센터지원,직원역량강화교육,,,
,,,,,
,,,,,
,,,,,